ANESTESICOS GERAIS,ANTIINFLAMATORIOS,1217
ANESTESICOS GERAIS,SOLUCOES PARENTERAIS ELETROLITICAS E DILUICOES,2782
ANESTESICOS GERAIS,SIMPATOMIMETICOS E HIPERTENSOR,549
ANESTESICOS GERAIS,ANALGESICOS OPIOIDES/HIPOANALG,676
ANESTESICOS GERAIS,ANTIASMATICOS,375
ANESTESICOS GERAIS,ANESTESICOS LOCAIS,1877
ANESTESICOS GERAIS,CEFALOSPORINAS,1217
ANESTESICOS GERAIS,ANTIEMETICOS,1122
ANESTESICOS GERAIS,HORMONAL FEMININO,1270
ANTIINFLAMATORIOS,SOLUCOES PARENTERAIS ELETROLITICAS E DILUICOES,12835
ANTIINFLAMATORIOS,SIMPATOMIMETICOS E HIPERTENSOR,2488
ANTIINFLAMATORIOS,ANALGESICOS OPIOIDES/HIPOANALG,3140
ANTIINFLAMATORIOS,ANTIASMATICOS,1573
ANTIINFLAMATORIOS,ANTIINFLAMATORIOS,2935
ANTIINFLAMATORIOS,ANESTESICOS LOCAIS,8740
ANTIINFLAMATORIOS,CEFALOSPORINAS,5745
ANTIINFLAMATORIOS,ANTIEMETICOS,5359
ANTIINFLAMATORIOS,HORMONAL FEMININO,5959
SOLUCOES PARENTERAIS ELETROLITICAS E DILUICOES,SIMPATOMIMETICOS E HIPERTENSOR,1734
SOLUCOES PARENTERAIS ELETROLITICAS E DILUICOES,ANALGESICOS OPIOIDES/HIPOANALG,2215
SOLUCOES PARENTERAIS ELETROLITICAS E DILUICOES,ANTIASMATICOS,943
SOLUCOES PARENTERAIS ELETROLITICAS E DILUICOES,SOLUCOES PARENTERAIS ELETROLITICAS E DILUICOES,9511
SOLUCOES PARENTERAIS ELETROLITICAS E DILUICOES,ANTIINFLAMATORIOS,3743
SOLUCOES PARENTERAIS ELETROLITICAS E DILUICOES,ANESTESICOS LOCAIS,11444
SOLUCOES PARENTERAIS ELETROLITICAS E DILUICOES,CEFALOSPORINAS,4838
SOLUCOES PARENTERAIS ELETROLITICAS E DILUICOES,ANTIEMETICOS,4320
SOLUCOES PARENTERAIS ELETROLITICAS E DILUICOES,HORMONAL FEMININO,7432
SIMPATOMIMETICOS E HIPERTENSOR,ANALGESICOS OPIOIDES/HIPOANALG,1349
SIMPATOMIMETICOS E HIPERTENSOR,ANTIASMATICOS,694
SIMPATOMIMETICOS E HIPERTENSOR,SOLUCOES PARENTERAIS ELETROLITICAS E DILUICOES,5838
SIMPATOMIMETICOS E HIPERTENSOR,ANTIINFLAMATORIOS,2434
SIMPATOMIMETICOS E HIPERTENSOR,ANESTESICOS LOCAIS,3953
SIMPATOMIMETICOS E HIPERTENSOR,CEFALOSPORINAS,2605
SIMPATOMIMETICOS E HIPERTENSOR,ANTIEMETICOS,2421
SIMPATOMIMETICOS E HIPERTENSOR,HORMONAL FEMININO,2711
ANALGESICOS OPIOIDES/HIPOANALG,ANTIASMATICOS,895
ANALGESICOS OPIOIDES/HIPOANALG,SOLUCOES PARENTERAIS ELETROLITICAS E DILUICOES,7905
ANALGESICOS OPIOIDES/HIPOANALG,ANTIINFLAMATORIOS,3206
ANALGESICOS OPIOIDES/HIPOANALG,ANESTESICOS LOCAIS,5293
ANALGESICOS OPIOIDES/HIPOANALG,CEFALOSPORINAS,3525
ANALGESICOS OPIOIDES/HIPOANALG,ANTIEMETICOS,3263
ANALGESICOS OPIOIDES/HIPOANALG,HORMONAL FEMININO,3598
ANTIASMATICOS,SOLUCOES PARENTERAIS ELETROLITICAS E DILUICOES,3735
ANTIASMATICOS,ANTIINFLAMATORIOS,1743
ANTIASMATICOS,ANESTESICOS LOCAIS,2505
ANTIASMATICOS,CEFALOSPORINAS,1655
ANTIASMATICOS,ANTIEMETICOS,1717
ANTIASMATICOS,HORMONAL FEMININO,1682
ANESTESICOS LOCAIS,CEFALOSPORINAS,3359
ANESTESICOS LOCAIS,ANTIEMETICOS,3070
ANESTESICOS LOCAIS,SOLUCOES PARENTERAIS ELETROLITICAS E DILUICOES,7543
ANESTESICOS LOCAIS,HORMONAL FEMININO,3413
ANESTESICOS LOCAIS,ANESTESICOS LOCAIS,3501
CEFALOSPORINAS,ANTIEMETICOS,1290
CEFALOSPORINAS,SOLUCOES PARENTERAIS ELETROLITICAS E DILUICOES,4639
CEFALOSPORINAS,HORMONAL FEMININO,3052
CEFALOSPORINAS,ANESTESICOS LOCAIS,3346
ANTIEMETICOS,SOLUCOES PARENTERAIS ELETROLITICAS E DILUICOES,6011
ANTIEMETICOS,HORMONAL FEMININO,3431
ANTIEMETICOS,ANESTESICOS LOCAIS,4238
HORMONAL FEMININO,ANESTESICOS LOCAIS,3462
ANALGESICOS E ANTIPIRETICOS,SOLUCOES PARENTERAIS ELETROLITICAS E DILUICOES,3731
ANALGESICOS E ANTIPIRETICOS,ANTIINFLAMATORIOS,337
ANALGESICOS E ANTIPIRETICOS,ANTIASMATICOS,73
ANALGESICOS E ANTIPIRETICOS,SIMPATOMIMETICOS E HIPERTENSOR,192
ANALGESICOS E ANTIPIRETICOS,ANALGESICOS OPIOIDES/HIPOANALG,194
ANALGESICOS E ANTIPIRETICOS,ANESTESICOS LOCAIS,2665
ANALGESICOS E ANTIPIRETICOS,CEFALOSPORINAS,1367
ANALGESICOS E ANTIPIRETICOS,ANTIEMETICOS,1118
ANALGESICOS E ANTIPIRETICOS,HORMONAL FEMININO,2329
ANTIASMATICOS,SIMPATOMIMETICOS E HIPERTENSOR,768
ANTIASMATICOS,ANALGESICOS OPIOIDES/HIPOANALG,901
SIMPATOMIMETICOS E HIPERTENSOR,SIMPATOMIMETICOS E HIPERTENSOR,244
ANALGESICOS OPIOIDES/HIPOANALG,SIMPATOMIMETICOS E HIPERTENSOR,1480
ANESTESICOS LOCAIS,SIMPATOMIMETICOS E HIPERTENSOR,1435
ANTIEMETICOS,ANTIINFLAMATORIOS,1130
ANTIEMETICOS,ANTIEMETICOS,437
ANTIEMETICOS,ANALGESICOS OPIOIDES/HIPOANALG,636
ANTIEMETICOS,CEFALOSPORINAS,2373
ANESTESICOS LOCAIS,ANTIINFLAMATORIOS,3119
ANESTESICOS LOCAIS,ANALGESICOS OPIOIDES/HIPOANALG,1870
HORMONAL FEMININO,SOLUCOES PARENTERAIS ELETROLITICAS E DILUICOES,2270
ANTIINFLAMATORIOS,ESTIMULANTES UTERINOS,931
SOLUCOES PARENTERAIS ELETROLITICAS E DILUICOES,ESTIMULANTES UTERINOS,671
ANTIEMETICOS,ESTIMULANTES UTERINOS,209
ANTIEMETICOS,SIMPATOMIMETICOS E HIPERTENSOR,557
ESTIMULANTES UTERINOS,ANALGESICOS OPIOIDES/HIPOANALG,541
ESTIMULANTES UTERINOS,ANESTESICOS LOCAIS,1542
ESTIMULANTES UTERINOS,SIMPATOMIMETICOS E HIPERTENSOR,463
ESTIMULANTES UTERINOS,CEFALOSPORINAS,1014
ESTIMULANTES UTERINOS,HORMONAL FEMININO,1047
ESTIMULANTES UTERINOS,SOLUCOES PARENTERAIS ELETROLITICAS E DILUICOES,2332
SOLUCOES PARENTERAIS ELETROLITICAS E DILUICOES,ANESTESICOS GERAIS,831
SOLUCOES PARENTERAIS ELETROLITICAS E DILUICOES,ANALGESICOS E ANTIPIRETICOS,3380
ANTIINFLAMATORIOS,ANESTESICOS GERAIS,1278
ANTIINFLAMATORIOS,ANALGESICOS E ANTIPIRETICOS,4333
SIMPATOMIMETICOS E HIPERTENSOR,ANESTESICOS GERAIS,579
SIMPATOMIMETICOS E HIPERTENSOR,ANALGESICOS E ANTIPIRETICOS,2043
ANESTESICOS GERAIS,ANALGESICOS E ANTIPIRETICOS,1128
ANTIEMETICOS,ANALGESICOS E ANTIPIRETICOS,1658
ANESTESICOS LOCAIS,ANALGESICOS E ANTIPIRETICOS,2359
CEFALOSPORINAS,ANALGESICOS E ANTIPIRETICOS,1158
HORMONAL FEMININO,ESTIMULANTES UTERINOS,17
HORMONAL FEMININO,ANTIEMETICOS,311
HORMONAL FEMININO,ANALGESICOS OPIOIDES/HIPOANALG,74
HORMONAL FEMININO,ANTIINFLAMATORIOS,131
HORMONAL FEMININO,SIMPATOMIMETICOS E HIPERTENSOR,47
HORMONAL FEMININO,ANESTESICOS GERAIS,38
HORMONAL FEMININO,CEFALOSPORINAS,390
ESTIMULANTES UTERINOS,ANTIEMETICOS,941
ESTIMULANTES UTERINOS,ANTIINFLAMATORIOS,887
ESTIMULANTES UTERINOS,ANESTESICOS GERAIS,211
ANTIEMETICOS,ANESTESICOS GERAIS,257
ANESTESICOS LOCAIS,ANESTESICOS GERAIS,691
ANALGESICOS OPIOIDES/HIPOANALG,ANESTESICOS GERAIS,714
ESTIMULANTES UTERINOS,ANTIASMATICOS,244
ESTIMULANTES UTERINOS,ANALGESICOS E ANTIPIRETICOS,725
ANTIASMATICOS,ANALGESICOS E ANTIPIRETICOS,1394
ANALGESICOS OPIOIDES/HIPOANALG,ANALGESICOS E ANTIPIRETICOS,2478
ANESTESICOS LOCAIS,ANTIASMATICOS,853
HORMONAL FEMININO,ANALGESICOS E ANTIPIRETICOS,260
CEFALOSPORINAS,ANTIINFLAMATORIOS,177
ANTIEPILETICOS/CONVULSOES EPIL,SOLUCOES PARENTERAIS ELETROLITICAS E DILUICOES,8
ANTIEPILETICOS/CONVULSOES EPIL,ANTI-HIPERTENSIVOS,1
ANTIEPILETICOS/CONVULSOES EPIL,ANESTESICOS LOCAIS,11
ANTIEPILETICOS/CONVULSOES EPIL,ANTIINFLAMATORIOS,2
ANTIEPILETICOS/CONVULSOES EPIL,ANALGESICOS OPIOIDES/HIPOANALG,1
ANTIEPILETICOS/CONVULSOES EPIL,ANALGESICOS E ANTIPIRETICOS,1
ANTIEPILETICOS/CONVULSOES EPIL,ANTIEMETICOS,1
ANTIEPILETICOS/CONVULSOES EPIL,CEFALOSPORINAS,1
ANTIEPILETICOS/CONVULSOES EPIL,HORMONAL FEMININO,5
SOLUCOES PARENTERAIS ELETROLITICAS E DILUICOES,ANTI-HIPERTENSIVOS,73
ANTI-HIPERTENSIVOS,ANESTESICOS LOCAIS,128
ANTI-HIPERTENSIVOS,SOLUCOES PARENTERAIS ELETROLITICAS E DILUICOES,196
ANTI-HIPERTENSIVOS,ANTIINFLAMATORIOS,81
ANTI-HIPERTENSIVOS,ANALGESICOS OPIOIDES/HIPOANALG,40
ANTI-HIPERTENSIVOS,ANALGESICOS E ANTIPIRETICOS,52
ANTI-HIPERTENSIVOS,ANTIEMETICOS,82
ANTI-HIPERTENSIVOS,CEFALOSPORINAS,85
ANTI-HIPERTENSIVOS,HORMONAL FEMININO,90
ANTIEMETICOS,ANTIASMATICOS,178
ANALGESICOS OPIOIDES/HIPOANALG,ANALGESICOS OPIOIDES/HIPOANALG,309
ANALGESICOS OPIOIDES/HIPOANALG,ANTI-HISTAMINICO,348
ANESTESICOS LOCAIS,ANTI-HISTAMINICO,314
ANTIINFLAMATORIOS,ANTI-HISTAMINICO,557
SOLUCOES PARENTERAIS ELETROLITICAS E DILUICOES,ANTI-HISTAMINICO,436
ANESTESICOS GERAIS,ANTI-HISTAMINICO,161
ANALGESICOS E ANTIPIRETICOS,ANTI-HISTAMINICO,112
ANTI-HISTAMINICO,CEFALOSPORINAS,243
ANTI-HISTAMINICO,HORMONAL FEMININO,351
ANTI-HISTAMINICO,ANTIEMETICOS,225
ANTI-HISTAMINICO,SOLUCOES PARENTERAIS ELETROLITICAS E DILUICOES,661
ANTI-HISTAMINICO,ANESTESICOS LOCAIS,462
ANALGESICOS OPIOIDES/HIPOANALG,MEDICAMENTOS NASAIS,7
ANESTESICOS LOCAIS,MEDICAMENTOS NASAIS,8
ANTIINFLAMATORIOS,MEDICAMENTOS NASAIS,7
ANTIEMETICOS,MEDICAMENTOS NASAIS,3
MEDICAMENTOS NASAIS,ANTIINFLAMATORIOS,7
MEDICAMENTOS NASAIS,ANTIASMATICOS,2
MEDICAMENTOS NASAIS,ANESTESICOS GERAIS,2
MEDICAMENTOS NASAIS,SOLUCOES PARENTERAIS ELETROLITICAS E DILUICOES,17
MEDICAMENTOS NASAIS,ANTIEMETICOS,7
MEDICAMENTOS NASAIS,CEFALOSPORINAS,7
MEDICAMENTOS NASAIS,ANALGESICOS E ANTIPIRETICOS,5
MEDICAMENTOS NASAIS,HORMONAL FEMININO,7
MEDICAMENTOS NASAIS,ANESTESICOS LOCAIS,11
ANTIASMATICOS,ANESTESICOS GERAIS,386
CEFALOSPORINAS,SIMPATOMIMETICOS E HIPERTENSOR,99
ANTIASMATICOS,ANTI-HISTAMINICO,164
ANTI-HISTAMINICO,ANESTESICOS GERAIS,45
ANTI-HISTAMINICO,ANTIINFLAMATORIOS,157
ANTI-HISTAMINICO,SIMPATOMIMETICOS E HIPERTENSOR,70
ANTI-HISTAMINICO,ANALGESICOS E ANTIPIRETICOS,192
ANESTESICOS LOCAIS,ESTIMULANTES UTERINOS,519
ANESTESICOS GERAIS,ESTIMULANTES UTERINOS,173
ANALGESICOS OPIOIDES/HIPOANALG,ESTIMULANTES UTERINOS,558
ANTIASMATICOS,ESTIMULANTES UTERINOS,276
ANESTESICOS LOCAIS,ANTIDOTO E ANTAGONISTA,184
ANTIINFLAMATORIOS,ANTIDOTO E ANTAGONISTA,177
ANALGESICOS OPIOIDES/HIPOANALG,ANTIDOTO E ANTAGONISTA,201
SOLUCOES PARENTERAIS ELETROLITICAS E DILUICOES,ANTIDOTO E ANTAGONISTA,298
ANTIDOTO E ANTAGONISTA,ANTIEMETICOS,90
ANTIDOTO E ANTAGONISTA,CEFALOSPORINAS,106
ANTIDOTO E ANTAGONISTA,HORMONAL FEMININO,168
ANTIDOTO E ANTAGONISTA,SOLUCOES PARENTERAIS ELETROLITICAS E DILUICOES,300
SIMPATOMIMETICOS E HIPERTENSOR,ANTI-HISTAMINICO,244
CEFALOSPORINAS,ANTI-HISTAMINICO,148
ANTIEMETICOS,ANTI-HISTAMINICO,183
SIMPATOMIMETICOS E HIPERTENSOR,ESTIMULANTES UTERINOS,416
CEFALOSPORINAS,ESTIMULANTES UTERINOS,17
SOLUCOES PARENTERAIS ELETROLITICAS E DILUICOES,BETABLOQUEADORES,6
SOLUCOES PARENTERAIS ELETROLITICAS E DILUICOES,SEDATIVOS ANESTESICOS,68
ANESTESICOS GERAIS,ANTI-HIPERTENSIVOS,19
ANESTESICOS GERAIS,BETABLOQUEADORES,2
ANESTESICOS GERAIS,SEDATIVOS ANESTESICOS,23
ANTI-HIPERTENSIVOS,BETABLOQUEADORES,2
ANTI-HIPERTENSIVOS,SIMPATOMIMETICOS E HIPERTENSOR,41
ANTI-HIPERTENSIVOS,SEDATIVOS ANESTESICOS,4
ANTI-HIPERTENSIVOS,ESTIMULANTES UTERINOS,10
ANTI-HIPERTENSIVOS,ANTIASMATICOS,21
ANTI-HIPERTENSIVOS,ANTI-HIPERTENSIVOS,4
ANESTESICOS LOCAIS,BETABLOQUEADORES,2
ANESTESICOS LOCAIS,SEDATIVOS ANESTESICOS,38
ANESTESICOS LOCAIS,ANTI-HIPERTENSIVOS,51
ANALGESICOS OPIOIDES/HIPOANALG,BETABLOQUEADORES,2
ANALGESICOS OPIOIDES/HIPOANALG,SEDATIVOS ANESTESICOS,39
ANALGESICOS OPIOIDES/HIPOANALG,ANTI-HIPERTENSIVOS,58
BETABLOQUEADORES,SIMPATOMIMETICOS E HIPERTENSOR,6
BETABLOQUEADORES,SEDATIVOS ANESTESICOS,2
BETABLOQUEADORES,ESTIMULANTES UTERINOS,1
BETABLOQUEADORES,ANTIINFLAMATORIOS,9
BETABLOQUEADORES,ANTIASMATICOS,3
BETABLOQUEADORES,ANALGESICOS OPIOIDES/HIPOANALG,4
BETABLOQUEADORES,ANALGESICOS E ANTIPIRETICOS,4
BETABLOQUEADORES,ANTIEMETICOS,5
BETABLOQUEADORES,CEFALOSPORINAS,5
BETABLOQUEADORES,ANTI-HIPERTENSIVOS,3
BETABLOQUEADORES,HORMONAL FEMININO,4
BETABLOQUEADORES,SOLUCOES PARENTERAIS ELETROLITICAS E DILUICOES,13
BETABLOQUEADORES,ANESTESICOS LOCAIS,7
SIMPATOMIMETICOS E HIPERTENSOR,SEDATIVOS ANESTESICOS,37
SIMPATOMIMETICOS E HIPERTENSOR,ANTI-HIPERTENSIVOS,43
SEDATIVOS ANESTESICOS,ESTIMULANTES UTERINOS,17
SEDATIVOS ANESTESICOS,ANTIINFLAMATORIOS,82
SEDATIVOS ANESTESICOS,ANTIASMATICOS,24
SEDATIVOS ANESTESICOS,ANALGESICOS OPIOIDES/HIPOANALG,35
SEDATIVOS ANESTESICOS,ANALGESICOS E ANTIPIRETICOS,55
SEDATIVOS ANESTESICOS,ANTIEMETICOS,72
SEDATIVOS ANESTESICOS,SIMPATOMIMETICOS E HIPERTENSOR,44
SEDATIVOS ANESTESICOS,CEFALOSPORINAS,63
SEDATIVOS ANESTESICOS,ANTI-HIPERTENSIVOS,10
SEDATIVOS ANESTESICOS,HORMONAL FEMININO,75
SEDATIVOS ANESTESICOS,SOLUCOES PARENTERAIS ELETROLITICAS E DILUICOES,178
SEDATIVOS ANESTESICOS,ANESTESICOS LOCAIS,115
ESTIMULANTES UTERINOS,ANTI-HIPERTENSIVOS,15
ANTIINFLAMATORIOS,ANTI-HIPERTENSIVOS,82
ANTIASMATICOS,ANTI-HIPERTENSIVOS,25
ANALGESICOS E ANTIPIRETICOS,ANTI-HIPERTENSIVOS,7
ANTIEMETICOS,ANTI-HIPERTENSIVOS,16
CEFALOSPORINAS,ANTI-HIPERTENSIVOS,5
ESTIMULANTES UTERINOS,ESTIMULANTES UTERINOS,8
CEFALOSPORINAS,CEFALOSPORINAS,55
ANALGESICOS E ANTIPIRETICOS,ANALGESICOS E ANTIPIRETICOS,40
HORMONAL FEMININO,HORMONAL FEMININO,38
ANESTESICOS GERAIS,ANESTESICOS GERAIS,87
SIMPATOMIMETICOS E HIPERTENSOR,ANTIDOTO E ANTAGONISTA,88
ESTIMULANTES UTERINOS,ANTIDOTO E ANTAGONISTA,59
ANTIASMATICOS,ANTIASMATICOS,19
ANTI-HIPERTENSIVOS,ANESTESICOS GERAIS,13
ANTI-HISTAMINICO,ANALGESICOS OPIOIDES/HIPOANALG,70
SIMPATOMIMETICOS E HIPERTENSOR,ANTIHELMINTICOS,84
ANTIINFLAMATORIOS,ANTIHELMINTICOS,181
ANALGESICOS OPIOIDES/HIPOANALG,ANTIHELMINTICOS,113
SOLUCOES PARENTERAIS ELETROLITICAS E DILUICOES,ANTIHELMINTICOS,179
ANTI-HIPERTENSIVOS,ANTIHELMINTICOS,3
ANESTESICOS GERAIS,ANTIHELMINTICOS,49
ANTIEMETICOS,ANTIHELMINTICOS,85
ANALGESICOS E ANTIPIRETICOS,ANTIHELMINTICOS,45
ANTIHELMINTICOS,CEFALOSPORINAS,59
ANTIHELMINTICOS,SOLUCOES PARENTERAIS ELETROLITICAS E DILUICOES,184
ANTIHELMINTICOS,HORMONAL FEMININO,115
ANTIHELMINTICOS,ANESTESICOS LOCAIS,132
EXPANSOR/REPOSITOR PLASMATICO,ANTIEMETICOS,16
EXPANSOR/REPOSITOR PLASMATICO,ANESTESICOS LOCAIS,25
EXPANSOR/REPOSITOR PLASMATICO,ANTIINFLAMATORIOS,12
EXPANSOR/REPOSITOR PLASMATICO,ANESTESICOS GERAIS,4
EXPANSOR/REPOSITOR PLASMATICO,ANALGESICOS OPIOIDES/HIPOANALG,7
EXPANSOR/REPOSITOR PLASMATICO,SIMPATOMIMETICOS E HIPERTENSOR,11
EXPANSOR/REPOSITOR PLASMATICO,ESTIMULANTES UTERINOS,5
EXPANSOR/REPOSITOR PLASMATICO,CEFALOSPORINAS,14
EXPANSOR/REPOSITOR PLASMATICO,HORMONAL FEMININO,17
EXPANSOR/REPOSITOR PLASMATICO,SOLUCOES PARENTERAIS ELETROLITICAS E DILUICOES,36
ANESTESICOS LOCAIS,ANTIESPASMODICOS,31
ANTIASMATICOS,ANTIESPASMODICOS,15
ANTIINFLAMATORIOS,ANTIESPASMODICOS,56
ANTIESPASMODICOS,ANALGESICOS OPIOIDES/HIPOANALG,53
ANTIESPASMODICOS,ANTIINFLAMATORIOS,75
ANTIESPASMODICOS,ANALGESICOS E ANTIPIRETICOS,56
ANTIESPASMODICOS,CEFALOSPORINAS,77
ANTIESPASMODICOS,ANTIEMETICOS,81
ANTIESPASMODICOS,SOLUCOES PARENTERAIS ELETROLITICAS E DILUICOES,205
ANTIESPASMODICOS,HORMONAL FEMININO,84
ANTIESPASMODICOS,ANESTESICOS LOCAIS,135
ANESTESICOS GERAIS,ANTIDOTO E ANTAGONISTA,41
ANESTESICOS GERAIS,ANTIACIDOS,4
ANTIDOTO E ANTAGONISTA,ANTIASMATICOS,8
ANTIDOTO E ANTAGONISTA,ANTIINFLAMATORIOS,39
ANTIDOTO E ANTAGONISTA,SEDATIVOS ANESTESICOS,8
ANTIDOTO E ANTAGONISTA,ANESTESICOS LOCAIS,203
ANTIDOTO E ANTAGONISTA,ANESTESICOS GERAIS,27
ANTIDOTO E ANTAGONISTA,SIMPATOMIMETICOS E HIPERTENSOR,19
ANTIDOTO E ANTAGONISTA,ANTIACIDOS,3
ANTIDOTO E ANTAGONISTA,ANTIDOTO E ANTAGONISTA,8
ANTIASMATICOS,SEDATIVOS ANESTESICOS,29
ANTIASMATICOS,ANTIACIDOS,6
ANTIASMATICOS,ANTIDOTO E ANTAGONISTA,26
ANTIEMETICOS,SEDATIVOS ANESTESICOS,13
ANTIEMETICOS,ANTIACIDOS,6
ANTIEMETICOS,ANTIDOTO E ANTAGONISTA,124
ANTIINFLAMATORIOS,SEDATIVOS ANESTESICOS,62
ANTIINFLAMATORIOS,ANTIACIDOS,6
SEDATIVOS ANESTESICOS,ANESTESICOS GERAIS,21
SEDATIVOS ANESTESICOS,SEDATIVOS ANESTESICOS,3
SEDATIVOS ANESTESICOS,ANTIACIDOS,4
SEDATIVOS ANESTESICOS,ANTIDOTO E ANTAGONISTA,12
ANESTESICOS LOCAIS,ANTIACIDOS,5
SIMPATOMIMETICOS E HIPERTENSOR,ANTIACIDOS,5
ANTIACIDOS,ANTIEMETICOS,6
ANTIACIDOS,ANTIDOTO E ANTAGONISTA,1
ANTIACIDOS,ANTIINFLAMATORIOS,6
ANTIACIDOS,SIMPATOMIMETICOS E HIPERTENSOR,3
ANTIACIDOS,SOLUCOES PARENTERAIS ELETROLITICAS E DILUICOES,17
ANTIACIDOS,ANTIACIDOS,1
ANTIACIDOS,CEFALOSPORINAS,7
ANTIACIDOS,HORMONAL FEMININO,7
ANTIACIDOS,ANESTESICOS LOCAIS,9
SOLUCOES PARENTERAIS ELETROLITICAS E DILUICOES,ANTIACIDOS,4
ANALGESICOS OPIOIDES/HIPOANALG,ANTIESPASMODICOS,42
SOLUCOES PARENTERAIS ELETROLITICAS E DILUICOES,ANTIESPASMODICOS,57
ANTIEMETICOS,ANTIESPASMODICOS,32
ANTIESPASMODICOS,SIMPATOMIMETICOS E HIPERTENSOR,34
ANTIESPASMODICOS,ANTIESPASMODICOS,3
SIMPATOMIMETICOS E HIPERTENSOR,ANTIESPASMODICOS,20
ESTIMULANTES UTERINOS,ANTI-HISTAMINICO,78
ANTI-HISTAMINICO,ANTIASMATICOS,44
ANTIESPASMODICOS,ANESTESICOS GERAIS,11
ANTIESPASMODICOS,ESTIMULANTES UTERINOS,9
ANTIESPASMODICOS,ANTIASMATICOS,22
ANESTESICOS LOCAIS,SEDATIVOS/ANSIOLITICOS/HIPNOTI,12
ANTIINFLAMATORIOS,SEDATIVOS/ANSIOLITICOS/HIPNOTI,18
SOLUCOES PARENTERAIS ELETROLITICAS E DILUICOES,SEDATIVOS/ANSIOLITICOS/HIPNOTI,22
SEDATIVOS/ANSIOLITICOS/HIPNOTI,SOLUCOES PARENTERAIS ELETROLITICAS E DILUICOES,42
SEDATIVOS/ANSIOLITICOS/HIPNOTI,ANALGESICOS OPIOIDES/HIPOANALG,13
SEDATIVOS/ANSIOLITICOS/HIPNOTI,SIMPATOMIMETICOS E HIPERTENSOR,10
SEDATIVOS/ANSIOLITICOS/HIPNOTI,ANTIINFLAMATORIOS,23
SEDATIVOS/ANSIOLITICOS/HIPNOTI,CEFALOSPORINAS,22
SEDATIVOS/ANSIOLITICOS/HIPNOTI,HORMONAL FEMININO,23
SEDATIVOS/ANSIOLITICOS/HIPNOTI,ANESTESICOS LOCAIS,30
ANALGESICOS E ANTIPIRETICOS,ESTIMULANTES UTERINOS,58
CEFALOSPORINAS,ANTIASMATICOS,30
CEFALOSPORINAS,ANESTESICOS GERAIS,49
ANALGESICOS E ANTIPIRETICOS,ANESTESICOS GERAIS,63
ANTIASMATICOS,ANTIHELMINTICOS,56
CEFALOSPORINAS,ANTIHELMINTICOS,53
ANESTESICOS LOCAIS,ANTIHELMINTICOS,112
ANTIHELMINTICOS,ANALGESICOS E ANTIPIRETICOS,51
ANTIHELMINTICOS,ANTIEMETICOS,47
ANALGESICOS E ANTIPIRETICOS,ANTIDOTO E ANTAGONISTA,46
HORMONAL FEMININO,ANTIDOTO E ANTAGONISTA,24
ANESTESICOS GERAIS,SUPLEMENTO DE VITAMINAS E MINE,17
ANTIINFLAMATORIOS,SUPLEMENTO DE VITAMINAS E MINE,75
ANESTESICOS LOCAIS,SUPLEMENTO DE VITAMINAS E MINE,36
ANALGESICOS OPIOIDES/HIPOANALG,SUPLEMENTO DE VITAMINAS E MINE,41
SIMPATOMIMETICOS E HIPERTENSOR,SUPLEMENTO DE VITAMINAS E MINE,29
ANTIEMETICOS,SUPLEMENTO DE VITAMINAS E MINE,37
SOLUCOES PARENTERAIS ELETROLITICAS E DILUICOES,SUPLEMENTO DE VITAMINAS E MINE,64
ANALGESICOS E ANTIPIRETICOS,SUPLEMENTO DE VITAMINAS E MINE,15
SUPLEMENTO DE VITAMINAS E MINE,CEFALOSPORINAS,50
SUPLEMENTO DE VITAMINAS E MINE,SOLUCOES PARENTERAIS ELETROLITICAS E DILUICOES,162
SUPLEMENTO DE VITAMINAS E MINE,HORMONAL FEMININO,66
SUPLEMENTO DE VITAMINAS E MINE,ANESTESICOS LOCAIS,106
CEFALOSPORINAS,ANALGESICOS OPIOIDES/HIPOANALG,54
ESTIMULANTES UTERINOS,ANTIHELMINTICOS,16
ANTIHELMINTICOS,ANTIINFLAMATORIOS,26
ANESTESICOS LOCAIS,ANTIEPILETICOS/CONVULSOES EPIL,8
ANALGESICOS OPIOIDES/HIPOANALG,ANTIEPILETICOS/CONVULSOES EPIL,10
ANTIINFLAMATORIOS,ANTIEPILETICOS/CONVULSOES EPIL,16
ANTIASMATICOS,ANTIEPILETICOS/CONVULSOES EPIL,3
ANTIEMETICOS,ANTIEPILETICOS/CONVULSOES EPIL,8
SOLUCOES PARENTERAIS ELETROLITICAS E DILUICOES,ANTIEPILETICOS/CONVULSOES EPIL,30
CEFALOSPORINAS,ANTIEPILETICOS/CONVULSOES EPIL,7
HORMONAL FEMININO,ANTIEPILETICOS/CONVULSOES EPIL,6
ANTIDOTO E ANTAGONISTA,ANALGESICOS E ANTIPIRETICOS,43
SOLUCOES PARENTERAIS ELETROLITICAS E DILUICOES,ANTICOAGULANTES E ANTIHEMORRAGICOS,33
ANALGESICOS OPIOIDES/HIPOANALG,ANTICOAGULANTES E ANTIHEMORRAGICOS,17
ANTIINFLAMATORIOS,ANTICOAGULANTES E ANTIHEMORRAGICOS,27
ANTIASMATICOS,ANTICOAGULANTES E ANTIHEMORRAGICOS,11
ANESTESICOS LOCAIS,ANTICOAGULANTES E ANTIHEMORRAGICOS,15
ANESTESICOS GERAIS,ANTICOAGULANTES E ANTIHEMORRAGICOS,6
CEFALOSPORINAS,ANTICOAGULANTES E ANTIHEMORRAGICOS,10
ANTIEMETICOS,ANTICOAGULANTES E ANTIHEMORRAGICOS,14
ANTIHELMINTICOS,ANTICOAGULANTES E ANTIHEMORRAGICOS,6
HORMONAL FEMININO,ANTICOAGULANTES E ANTIHEMORRAGICOS,2
ANTICOAGULANTES E ANTIHEMORRAGICOS,ANESTESICOS LOCAIS,16
SUPLEMENTO DE VITAMINAS E MINE,ANESTESICOS GERAIS,14
SUPLEMENTO DE VITAMINAS E MINE,ANTIINFLAMATORIOS,54
SUPLEMENTO DE VITAMINAS E MINE,ANTIASMATICOS,12
SUPLEMENTO DE VITAMINAS E MINE,SIMPATOMIMETICOS E HIPERTENSOR,22
SUPLEMENTO DE VITAMINAS E MINE,ANTIEMETICOS,58
SUPLEMENTO DE VITAMINAS E MINE,ANTIESPASMODICOS,10
SUPLEMENTO DE VITAMINAS E MINE,ANALGESICOS E ANTIPIRETICOS,40
ANESTESICOS GERAIS,ANTIESPASMODICOS,17
CEFALOSPORINAS,ANTIESPASMODICOS,3
HORMONAL FEMININO,ANTI-HISTAMINICO,43
SEDATIVOS ANESTESICOS,ANTI-HISTAMINICO,5
ANTI-HISTAMINICO,ANTIDOTO E ANTAGONISTA,8
CEFALOSPORINAS,ANTIDOTO E ANTAGONISTA,83
HORMONAL FEMININO,ANTIASMATICOS,35
HORMONAL FEMININO,SEDATIVOS ANESTESICOS,2
ANTI-HISTAMINICO,ESTIMULANTES UTERINOS,13
ANTI-HISTAMINICO,ANTI-HISTAMINICO,22
ANTIESPASMODICOS,ANTIDOTO E ANTAGONISTA,3
SUPLEMENTO DE VITAMINAS E MINE,ESTIMULANTES UTERINOS,8
SUPLEMENTO DE VITAMINAS E MINE,ANALGESICOS OPIOIDES/HIPOANALG,31
ANTIINFLAMATORIOS,EXPANSOR/REPOSITOR PLASMATICO,19
ANTIASMATICOS,EXPANSOR/REPOSITOR PLASMATICO,11
EXPANSOR/REPOSITOR PLASMATICO,ANTI-HIPERTENSIVOS,1
EXPANSOR/REPOSITOR PLASMATICO,ANALGESICOS E ANTIPIRETICOS,13
EXPANSOR/REPOSITOR PLASMATICO,ANTICOAGULANTES E ANTIHEMORRAGICOS,4
SIMPATOMIMETICOS E HIPERTENSOR,ANTICOAGULANTES E ANTIHEMORRAGICOS,10
ESTIMULANTES UTERINOS,ANTICOAGULANTES E ANTIHEMORRAGICOS,5
ANTI-HIPERTENSIVOS,ANTICOAGULANTES E ANTIHEMORRAGICOS,4
ANALGESICOS E ANTIPIRETICOS,ANTICOAGULANTES E ANTIHEMORRAGICOS,9
ANTICOAGULANTES E ANTIHEMORRAGICOS,SOLUCOES PARENTERAIS ELETROLITICAS E DILUICOES,21
ANTICOAGULANTES E ANTIHEMORRAGICOS,HORMONAL FEMININO,15
CEFALOSPORINAS,BRONCODILATADORES,3
CEFALOSPORINAS,VASOCONSTRITORES,5
SIMPATOMIMETICOS E HIPERTENSOR,BRONCODILATADORES,3
SIMPATOMIMETICOS E HIPERTENSOR,VASOCONSTRITORES,9
SOLUCOES PARENTERAIS ELETROLITICAS E DILUICOES,BRONCODILATADORES,12
SOLUCOES PARENTERAIS ELETROLITICAS E DILUICOES,VASOCONSTRITORES,29
ANESTESICOS LOCAIS,BRONCODILATADORES,5
ANESTESICOS LOCAIS,VASOCONSTRITORES,9
ANTI-HIPERTENSIVOS,BRONCODILATADORES,3
ANTI-HIPERTENSIVOS,VASOCONSTRITORES,3
ANTIINFLAMATORIOS,BRONCODILATADORES,6
ANTIINFLAMATORIOS,VASOCONSTRITORES,22
ANALGESICOS OPIOIDES/HIPOANALG,BRONCODILATADORES,5
ANALGESICOS OPIOIDES/HIPOANALG,VASOCONSTRITORES,12
BRONCODILATADORES,VASOCONSTRITORES,4
BRONCODILATADORES,ANTIEMETICOS,7
BRONCODILATADORES,ANTIINFLAMATORIOS,10
BRONCODILATADORES,SOLUCOES PARENTERAIS ELETROLITICAS E DILUICOES,18
BRONCODILATADORES,HORMONAL FEMININO,7
BRONCODILATADORES,ANESTESICOS LOCAIS,13
VASOCONSTRITORES,ANTIEMETICOS,23
VASOCONSTRITORES,ANTIINFLAMATORIOS,22
VASOCONSTRITORES,SOLUCOES PARENTERAIS ELETROLITICAS E DILUICOES,50
VASOCONSTRITORES,HORMONAL FEMININO,23
VASOCONSTRITORES,ANESTESICOS LOCAIS,41
ANTIHELMINTICOS,ANALGESICOS OPIOIDES/HIPOANALG,15
ANTIHELMINTICOS,SIMPATOMIMETICOS E HIPERTENSOR,18
ANTIHELMINTICOS,ANTIASMATICOS,2
SEDATIVOS/ANSIOLITICOS/HIPNOTI,ESTIMULANTES UTERINOS,10
SEDATIVOS/ANSIOLITICOS/HIPNOTI,ANTIEMETICOS,20
ANTIDOTO E ANTAGONISTA,ANALGESICOS OPIOIDES/HIPOANALG,13
ANALGESICOS OPIOIDES/HIPOANALG,SEDATIVOS/ANSIOLITICOS/HIPNOTI,13
ANESTESICOS LOCAIS,PENICILINAS,7
SEDATIVOS ANESTESICOS,PENICILINAS,1
ANALGESICOS OPIOIDES/HIPOANALG,PENICILINAS,9
ANALGESICOS E ANTIPIRETICOS,PENICILINAS,5
ANTIINFLAMATORIOS,PENICILINAS,15
SOLUCOES PARENTERAIS ELETROLITICAS E DILUICOES,PENICILINAS,15
CEFALOSPORINAS,PENICILINAS,4
ANTIEMETICOS,PENICILINAS,8
PENICILINAS,HORMONAL FEMININO,7
PENICILINAS,SOLUCOES PARENTERAIS ELETROLITICAS E DILUICOES,16
PENICILINAS,ANESTESICOS LOCAIS,12
ANTIHELMINTICOS,ANTIHELMINTICOS,2
ANTIHELMINTICOS,ANESTESICOS GERAIS,16
ESTIMULANTES UTERINOS,SEDATIVOS/ANSIOLITICOS/HIPNOTI,2
ESTIMULANTES UTERINOS,SUPLEMENTO DE VITAMINAS E MINE,15
SEDATIVOS/ANSIOLITICOS/HIPNOTI,SUPLEMENTO DE VITAMINAS E MINE,1
SEDATIVOS/ANSIOLITICOS/HIPNOTI,ANESTESICOS GERAIS,2
SEDATIVOS/ANSIOLITICOS/HIPNOTI,ANTIHELMINTICOS,3
SUPLEMENTO DE VITAMINAS E MINE,ANTIHELMINTICOS,3
ANTI-HISTAMINICO,ANTIHELMINTICOS,7
SOLUCOES PARENTERAIS ELETROLITICAS E DILUICOES,MUSCULOTROPICOS,38
ANALGESICOS OPIOIDES/HIPOANALG,MUSCULOTROPICOS,16
ANESTESICOS GERAIS,MUSCULOTROPICOS,18
ANTIINFLAMATORIOS,MUSCULOTROPICOS,24
ANTIASMATICOS,MUSCULOTROPICOS,7
ESTIMULANTES UTERINOS,MUSCULOTROPICOS,3
CEFALOSPORINAS,MUSCULOTROPICOS,11
ANTIEMETICOS,MUSCULOTROPICOS,13
ANALGESICOS E ANTIPIRETICOS,MUSCULOTROPICOS,12
MUSCULOTROPICOS,HORMONAL FEMININO,5
MUSCULOTROPICOS,ANESTESICOS LOCAIS,15
HORMONAL FEMININO,ANTIHELMINTICOS,8
ANALGESICOS E ANTIPIRETICOS,ANTIEPILETICOS/CONVULSOES EPIL,5
VASOCONSTRITORES,ANTIASMATICOS,7
VASOCONSTRITORES,ESTIMULANTES UTERINOS,7
VASOCONSTRITORES,SIMPATOMIMETICOS E HIPERTENSOR,20
VASOCONSTRITORES,ANESTESICOS GERAIS,12
VASOCONSTRITORES,CEFALOSPORINAS,21
VASOCONSTRITORES,ANALGESICOS E ANTIPIRETICOS,20
ESTIMULANTES UTERINOS,ANTIESPASMODICOS,12
ANTIASMATICOS,VASOCONSTRITORES,10
SEDATIVOS ANESTESICOS,VASOCONSTRITORES,4
ANESTESICOS GERAIS,VASOCONSTRITORES,8
ANTIASMATICOS,SUPLEMENTO DE VITAMINAS E MINE,25
ESTIMULANTES UTERINOS,SEDATIVOS ANESTESICOS,8
ANTI-HIPERTENSIVOS,ANTIDOTO E ANTAGONISTA,11
SIMPATOMIMETICOS E HIPERTENSOR,EXPANSOR/REPOSITOR PLASMATICO,8
SOLUCOES PARENTERAIS ELETROLITICAS E DILUICOES,EXPANSOR/REPOSITOR PLASMATICO,18
ANESTESICOS LOCAIS,EXPANSOR/REPOSITOR PLASMATICO,8
ANALGESICOS OPIOIDES/HIPOANALG,EXPANSOR/REPOSITOR PLASMATICO,11
EXPANSOR/REPOSITOR PLASMATICO,ANTI-HISTAMINICO,2
EXPANSOR/REPOSITOR PLASMATICO,ANTIHELMINTICOS,2
ANTIASMATICOS,DIURETICOS,1
ANTIASMATICOS,MEDICAMENTOS NASAIS,3
ANTIASMATICOS,BRONCODILATADORES,3
ANTIASMATICOS,MIORRELAXANTES CENTRAIS/PERIFE,2
SOLUCOES PARENTERAIS ELETROLITICAS E DILUICOES,DIURETICOS,16
SOLUCOES PARENTERAIS ELETROLITICAS E DILUICOES,MEDICAMENTOS NASAIS,10
SOLUCOES PARENTERAIS ELETROLITICAS E DILUICOES,MIORRELAXANTES CENTRAIS/PERIFE,15
ANTIINFLAMATORIOS,DIURETICOS,10
ANTIINFLAMATORIOS,MIORRELAXANTES CENTRAIS/PERIFE,10
ANALGESICOS OPIOIDES/HIPOANALG,DIURETICOS,6
ANALGESICOS OPIOIDES/HIPOANALG,MIORRELAXANTES CENTRAIS/PERIFE,3
ANESTESICOS LOCAIS,DIURETICOS,6
ANESTESICOS LOCAIS,MIORRELAXANTES CENTRAIS/PERIFE,2
ANESTESICOS LOCAIS,MUSCULOTROPICOS,14
ANTI-HIPERTENSIVOS,DIURETICOS,2
ANTI-HIPERTENSIVOS,MEDICAMENTOS NASAIS,1
ANTI-HIPERTENSIVOS,ANTI-HISTAMINICO,5
ANTI-HIPERTENSIVOS,MIORRELAXANTES CENTRAIS/PERIFE,2
ANTI-HIPERTENSIVOS,MUSCULOTROPICOS,3
DIURETICOS,ANESTESICOS GERAIS,5
DIURETICOS,SIMPATOMIMETICOS E HIPERTENSOR,5
DIURETICOS,MEDICAMENTOS NASAIS,1
DIURETICOS,SOLUCOES PARENTERAIS ELETROLITICAS E DILUICOES,15
DIURETICOS,ANTIDOTO E ANTAGONISTA,3
DIURETICOS,ANTIEMETICOS,2
DIURETICOS,CEFALOSPORINAS,4
DIURETICOS,ANTIINFLAMATORIOS,4
DIURETICOS,ANTI-HISTAMINICO,2
DIURETICOS,BRONCODILATADORES,1
DIURETICOS,MIORRELAXANTES CENTRAIS/PERIFE,1
DIURETICOS,SEDATIVOS ANESTESICOS,1
DIURETICOS,HORMONAL FEMININO,5
DIURETICOS,VASOCONSTRITORES,2
DIURETICOS,MUSCULOTROPICOS,2
DIURETICOS,ANESTESICOS LOCAIS,7
ANESTESICOS GERAIS,MEDICAMENTOS NASAIS,3
ANESTESICOS GERAIS,BRONCODILATADORES,3
ANESTESICOS GERAIS,MIORRELAXANTES CENTRAIS/PERIFE,6
SIMPATOMIMETICOS E HIPERTENSOR,MEDICAMENTOS NASAIS,3
SIMPATOMIMETICOS E HIPERTENSOR,MIORRELAXANTES CENTRAIS/PERIFE,5
SIMPATOMIMETICOS E HIPERTENSOR,MUSCULOTROPICOS,11
MEDICAMENTOS NASAIS,ANTIDOTO E ANTAGONISTA,2
MEDICAMENTOS NASAIS,ANTI-HISTAMINICO,2
MEDICAMENTOS NASAIS,BRONCODILATADORES,1
MEDICAMENTOS NASAIS,MIORRELAXANTES CENTRAIS/PERIFE,1
MEDICAMENTOS NASAIS,SEDATIVOS ANESTESICOS,1
MEDICAMENTOS NASAIS,SIMPATOMIMETICOS E HIPERTENSOR,3
MEDICAMENTOS NASAIS,VASOCONSTRITORES,1
MEDICAMENTOS NASAIS,MUSCULOTROPICOS,1
ANTIDOTO E ANTAGONISTA,ANTI-HISTAMINICO,11
ANTIDOTO E ANTAGONISTA,BRONCODILATADORES,2
ANTIDOTO E ANTAGONISTA,MIORRELAXANTES CENTRAIS/PERIFE,1
ANTIDOTO E ANTAGONISTA,VASOCONSTRITORES,3
ANTIDOTO E ANTAGONISTA,MUSCULOTROPICOS,6
ANTIEMETICOS,BRONCODILATADORES,3
ANTIEMETICOS,MIORRELAXANTES CENTRAIS/PERIFE,1
ANTIEMETICOS,VASOCONSTRITORES,7
CEFALOSPORINAS,MIORRELAXANTES CENTRAIS/PERIFE,1
CEFALOSPORINAS,SEDATIVOS ANESTESICOS,6
ANTI-HISTAMINICO,BRONCODILATADORES,1
ANTI-HISTAMINICO,MIORRELAXANTES CENTRAIS/PERIFE,1
ANTI-HISTAMINICO,SEDATIVOS ANESTESICOS,2
ANTI-HISTAMINICO,VASOCONSTRITORES,6
ANTI-HISTAMINICO,MUSCULOTROPICOS,6
BRONCODILATADORES,MIORRELAXANTES CENTRAIS/PERIFE,1
BRONCODILATADORES,SEDATIVOS ANESTESICOS,2
BRONCODILATADORES,ANTI-HISTAMINICO,2
BRONCODILATADORES,SIMPATOMIMETICOS E HIPERTENSOR,4
BRONCODILATADORES,MUSCULOTROPICOS,1
BRONCODILATADORES,ANESTESICOS GERAIS,3
MIORRELAXANTES CENTRAIS/PERIFE,SEDATIVOS ANESTESICOS,4
MIORRELAXANTES CENTRAIS/PERIFE,HORMONAL FEMININO,9
MIORRELAXANTES CENTRAIS/PERIFE,ANTI-HISTAMINICO,1
MIORRELAXANTES CENTRAIS/PERIFE,SIMPATOMIMETICOS E HIPERTENSOR,4
MIORRELAXANTES CENTRAIS/PERIFE,SOLUCOES PARENTERAIS ELETROLITICAS E DILUICOES,24
MIORRELAXANTES CENTRAIS/PERIFE,VASOCONSTRITORES,1
MIORRELAXANTES CENTRAIS/PERIFE,MUSCULOTROPICOS,4
MIORRELAXANTES CENTRAIS/PERIFE,ANESTESICOS LOCAIS,15
MIORRELAXANTES CENTRAIS/PERIFE,ANESTESICOS GERAIS,15
SEDATIVOS ANESTESICOS,MUSCULOTROPICOS,6
HORMONAL FEMININO,VASOCONSTRITORES,2
HORMONAL FEMININO,MUSCULOTROPICOS,8
VASOCONSTRITORES,MUSCULOTROPICOS,3
MUSCULOTROPICOS,ANESTESICOS GERAIS,6
ANTIASMATICOS,SEDATIVOS/ANSIOLITICOS/HIPNOTI,8
SEDATIVOS/ANSIOLITICOS/HIPNOTI,SEDATIVOS/ANSIOLITICOS/HIPNOTI,1
SEDATIVOS/ANSIOLITICOS/HIPNOTI,ANALGESICOS E ANTIPIRETICOS,18
MEDICAMENTOS NASAIS,ANALGESICOS OPIOIDES/HIPOANALG,5
ANTIHELMINTICOS,ESTIMULANTES UTERINOS,6
ANTIHELMINTICOS,ANTI-HISTAMINICO,8
SEDATIVOS ANESTESICOS,ANTIEPILETICOS/CONVULSOES EPIL,5
SIMPATOMIMETICOS E HIPERTENSOR,ANTIEPILETICOS/CONVULSOES EPIL,6
VASOCONSTRITORES,ANTI-HISTAMINICO,4
VASOCONSTRITORES,ANALGESICOS OPIOIDES/HIPOANALG,14
ANTIESPASMODICOS,ANTI-HISTAMINICO,4
ANTIDOTO E ANTAGONISTA,ESTIMULANTES UTERINOS,2
ANTIDOTO E ANTAGONISTA,SUPLEMENTO DE VITAMINAS E MINE,1
ANTIDOTO E ANTAGONISTA,EXPANSOR/REPOSITOR PLASMATICO,2
ESTIMULANTES UTERINOS,EXPANSOR/REPOSITOR PLASMATICO,3
SUPLEMENTO DE VITAMINAS E MINE,EXPANSOR/REPOSITOR PLASMATICO,1
SIMPATOMIMETICOS E HIPERTENSOR,DIURETICOS,3
ESTIMULANTES UTERINOS,DIURETICOS,2
ANESTESICOS GERAIS,DIURETICOS,7
HORMONAL FEMININO,DIURETICOS,1
ANTIEMETICOS,DIURETICOS,3
SOLUCOES PARENTERAIS ELETROLITICAS E DILUICOES,LINCOSAMIDAS,2
ANESTESICOS GERAIS,LINCOSAMIDAS,2
ANALGESICOS OPIOIDES/HIPOANALG,LINCOSAMIDAS,3
ANTIINFLAMATORIOS,LINCOSAMIDAS,3
ANESTESICOS LOCAIS,LINCOSAMIDAS,2
SIMPATOMIMETICOS E HIPERTENSOR,LINCOSAMIDAS,2
ANTIEMETICOS,LINCOSAMIDAS,2
HORMONAL FEMININO,LINCOSAMIDAS,1
LINCOSAMIDAS,SOLUCOES PARENTERAIS ELETROLITICAS E DILUICOES,2
LINCOSAMIDAS,ANESTESICOS LOCAIS,2
ANALGESICOS E ANTIPIRETICOS,SEDATIVOS ANESTESICOS,4
SEDATIVOS ANESTESICOS,ANTIHELMINTICOS,5
ANTIDOTO E ANTAGONISTA,ANTIHELMINTICOS,6
SOLUCOES PARENTERAIS ELETROLITICAS E DILUICOES,QUINOLONAS,2
ANESTESICOS GERAIS,QUINOLONAS,2
ANESTESICOS LOCAIS,QUINOLONAS,2
ANTIINFLAMATORIOS,QUINOLONAS,4
ANALGESICOS OPIOIDES/HIPOANALG,QUINOLONAS,2
SIMPATOMIMETICOS E HIPERTENSOR,QUINOLONAS,2
QUINOLONAS,HORMONAL FEMININO,2
QUINOLONAS,ANTIEMETICOS,1
QUINOLONAS,SOLUCOES PARENTERAIS ELETROLITICAS E DILUICOES,3
QUINOLONAS,ANESTESICOS LOCAIS,2
SUPLEMENTO DE VITAMINAS E MINE,ANTIDOTO E ANTAGONISTA,3
SEDATIVOS/ANSIOLITICOS/HIPNOTI,ANTIASMATICOS,8
ANTIINFLAMATORIOS,AUXILIARES DE DIAGNOSTICO,2
ANTIINFLAMATORIOS,COLINERGICOS,6
SOLUCOES PARENTERAIS ELETROLITICAS E DILUICOES,AUXILIARES DE DIAGNOSTICO,4
SOLUCOES PARENTERAIS ELETROLITICAS E DILUICOES,COLINERGICOS,7
SIMPATOMIMETICOS E HIPERTENSOR,AUXILIARES DE DIAGNOSTICO,2
SIMPATOMIMETICOS E HIPERTENSOR,COLINERGICOS,3
MIORRELAXANTES CENTRAIS/PERIFE,ANTIDOTO E ANTAGONISTA,7
MIORRELAXANTES CENTRAIS/PERIFE,ANALGESICOS OPIOIDES/HIPOANALG,5
MIORRELAXANTES CENTRAIS/PERIFE,AUXILIARES DE DIAGNOSTICO,1
MIORRELAXANTES CENTRAIS/PERIFE,CEFALOSPORINAS,6
MIORRELAXANTES CENTRAIS/PERIFE,ANTIEMETICOS,5
MIORRELAXANTES CENTRAIS/PERIFE,ANTIHELMINTICOS,1
MIORRELAXANTES CENTRAIS/PERIFE,ANALGESICOS E ANTIPIRETICOS,5
MIORRELAXANTES CENTRAIS/PERIFE,ANTIINFLAMATORIOS,7
MIORRELAXANTES CENTRAIS/PERIFE,DIURETICOS,2
MIORRELAXANTES CENTRAIS/PERIFE,COLINERGICOS,2
ANTIDOTO E ANTAGONISTA,AUXILIARES DE DIAGNOSTICO,2
ANTIDOTO E ANTAGONISTA,DIURETICOS,4
ANTIDOTO E ANTAGONISTA,COLINERGICOS,3
ANALGESICOS OPIOIDES/HIPOANALG,AUXILIARES DE DIAGNOSTICO,1
ANALGESICOS OPIOIDES/HIPOANALG,COLINERGICOS,3
AUXILIARES DE DIAGNOSTICO,ANESTESICOS LOCAIS,2
AUXILIARES DE DIAGNOSTICO,ANESTESICOS GERAIS,4
AUXILIARES DE DIAGNOSTICO,CEFALOSPORINAS,1
AUXILIARES DE DIAGNOSTICO,ANTIEMETICOS,1
AUXILIARES DE DIAGNOSTICO,ANTIHELMINTICOS,1
AUXILIARES DE DIAGNOSTICO,ANTIDOTO E ANTAGONISTA,1
AUXILIARES DE DIAGNOSTICO,ANALGESICOS E ANTIPIRETICOS,1
AUXILIARES DE DIAGNOSTICO,SOLUCOES PARENTERAIS ELETROLITICAS E DILUICOES,4
AUXILIARES DE DIAGNOSTICO,SEDATIVOS ANESTESICOS,1
AUXILIARES DE DIAGNOSTICO,ANTIINFLAMATORIOS,1
AUXILIARES DE DIAGNOSTICO,DIURETICOS,1
AUXILIARES DE DIAGNOSTICO,COLINERGICOS,1
AUXILIARES DE DIAGNOSTICO,HORMONAL FEMININO,1
ANESTESICOS LOCAIS,COLINERGICOS,2
ANESTESICOS GERAIS,COLINERGICOS,4
CEFALOSPORINAS,DIURETICOS,2
CEFALOSPORINAS,COLINERGICOS,2
ANTIEMETICOS,COLINERGICOS,2
ANTIHELMINTICOS,ANTIDOTO E ANTAGONISTA,3
ANTIHELMINTICOS,SEDATIVOS ANESTESICOS,3
ANTIHELMINTICOS,DIURETICOS,1
ANTIHELMINTICOS,COLINERGICOS,1
ANALGESICOS E ANTIPIRETICOS,DIURETICOS,1
ANALGESICOS E ANTIPIRETICOS,COLINERGICOS,2
SEDATIVOS ANESTESICOS,DIURETICOS,2
SEDATIVOS ANESTESICOS,COLINERGICOS,1
DIURETICOS,COLINERGICOS,1
COLINERGICOS,SOLUCOES PARENTERAIS ELETROLITICAS E DILUICOES,4
COLINERGICOS,HORMONAL FEMININO,1
COLINERGICOS,ANESTESICOS LOCAIS,3
COLINERGICOS,ANESTESICOS GERAIS,4
ANTIHELMINTICOS,ANTIEPILETICOS/CONVULSOES EPIL,5
ANALGESICOS E ANTIPIRETICOS,ANTIESPASMODICOS,5
ESTIMULANTES UTERINOS,VASOCONSTRITORES,2
ANESTESICOS LOCAIS,ANTIINFLAMATORIOS GERAIS,4
ANTIASMATICOS,ANTIINFLAMATORIOS GERAIS,1
ANTIINFLAMATORIOS,ANTIINFLAMATORIOS GERAIS,2
ANTIEMETICOS,ANTIINFLAMATORIOS GERAIS,3
ANALGESICOS OPIOIDES/HIPOANALG,ANTIINFLAMATORIOS GERAIS,1
ANTICOAGULANTES E ANTIHEMORRAGICOS,ANTI-HISTAMINICO,1
ANTICOAGULANTES E ANTIHEMORRAGICOS,SIMPATOMIMETICOS E HIPERTENSOR,5
ANTICOAGULANTES E ANTIHEMORRAGICOS,ANTIEMETICOS,5
ANTICOAGULANTES E ANTIHEMORRAGICOS,ESTIMULANTES UTERINOS,1
ANTICOAGULANTES E ANTIHEMORRAGICOS,CEFALOSPORINAS,5
ANTICOAGULANTES E ANTIHEMORRAGICOS,ANALGESICOS E ANTIPIRETICOS,5
ANTICOAGULANTES E ANTIHEMORRAGICOS,ANTIINFLAMATORIOS GERAIS,1
ANTI-HISTAMINICO,ANTIINFLAMATORIOS GERAIS,1
SIMPATOMIMETICOS E HIPERTENSOR,ANTIINFLAMATORIOS GERAIS,2
ESTIMULANTES UTERINOS,ANTIINFLAMATORIOS GERAIS,1
CEFALOSPORINAS,ANTIINFLAMATORIOS GERAIS,2
ANALGESICOS E ANTIPIRETICOS,ANTIINFLAMATORIOS GERAIS,2
SOLUCOES PARENTERAIS ELETROLITICAS E DILUICOES,ANTIINFLAMATORIOS GERAIS,7
HORMONAL FEMININO,ANTIINFLAMATORIOS GERAIS,2
HORMONAL FEMININO,ANTI-HIPERTENSIVOS,2
ANTIASMATICOS,PENICILINAS,4
ESTIMULANTES UTERINOS,PENICILINAS,4
ANESTESICOS GERAIS,PENICILINAS,6
PENICILINAS,ANTIEMETICOS,3
PENICILINAS,CEFALOSPORINAS,5
ANTI-HISTAMINICO,SUPLEMENTO DE VITAMINAS E MINE,4
CEFALOSPORINAS,SUPLEMENTO DE VITAMINAS E MINE,17
HORMONAL FEMININO,SUPLEMENTO DE VITAMINAS E MINE,4
SEDATIVOS ANESTESICOS,GLICOSIDEO CARDIACO E CARDIOTONICO,1
SEDATIVOS ANESTESICOS,MIORRELAXANTES CENTRAIS/PERIFE,2
GLICOSIDEO CARDIACO E CARDIOTONICO,SOLUCOES PARENTERAIS ELETROLITICAS E DILUICOES,4
GLICOSIDEO CARDIACO E CARDIOTONICO,ANALGESICOS OPIOIDES/HIPOANALG,1
GLICOSIDEO CARDIACO E CARDIOTONICO,MIORRELAXANTES CENTRAIS/PERIFE,1
GLICOSIDEO CARDIACO E CARDIOTONICO,ANESTESICOS GERAIS,1
GLICOSIDEO CARDIACO E CARDIOTONICO,HORMONAL FEMININO,1
GLICOSIDEO CARDIACO E CARDIOTONICO,ANESTESICOS LOCAIS,1
SEDATIVOS ANESTESICOS,ANTIESPASMODICOS,3
SUPLEMENTO DE VITAMINAS E MINE,SUPLEMENTO DE VITAMINAS E MINE,6
ANTIESPASMODICOS,SUPLEMENTO DE VITAMINAS E MINE,21
ANTIHELMINTICOS,SUPLEMENTO DE VITAMINAS E MINE,4
ANALGESICOS E ANTIPIRETICOS,VASOCONSTRITORES,2
ANTICOAGULANTES E ANTIHEMORRAGICOS,MUSCULOTROPICOS,1
ANTICOAGULANTES E ANTIHEMORRAGICOS,ANESTESICOS GERAIS,2
MUSCULOTROPICOS,SOLUCOES PARENTERAIS ELETROLITICAS E DILUICOES,6
SEDATIVOS ANESTESICOS,SEDATIVOS/ANSIOLITICOS/HIPNOTI,1
SEDATIVOS ANESTESICOS,BRONCODILATADORES,2
ANTI-HIPERTENSIVOS,SEDATIVOS/ANSIOLITICOS/HIPNOTI,1
SEDATIVOS/ANSIOLITICOS/HIPNOTI,BRONCODILATADORES,1
SEDATIVOS/ANSIOLITICOS/HIPNOTI,VASOCONSTRITORES,1
SEDATIVOS/ANSIOLITICOS/HIPNOTI,ANTIDOTO E ANTAGONISTA,3
BRONCODILATADORES,ESTIMULANTES UTERINOS,2
BRONCODILATADORES,ANTIDOTO E ANTAGONISTA,4
BRONCODILATADORES,ANTIASMATICOS,1
BRONCODILATADORES,ANALGESICOS E ANTIPIRETICOS,4
BRONCODILATADORES,CEFALOSPORINAS,6
VASOCONSTRITORES,ANTIDOTO E ANTAGONISTA,2
MEDICAMENTOS OFTALMICOS,SIMPATOMIMETICOS E HIPERTENSOR,1
MEDICAMENTOS OFTALMICOS,ANALGESICOS OPIOIDES/HIPOANALG,1
MEDICAMENTOS OFTALMICOS,ANTIEMETICOS,2
MEDICAMENTOS OFTALMICOS,SOLUCOES PARENTERAIS ELETROLITICAS E DILUICOES,2
MEDICAMENTOS OFTALMICOS,ESTIMULANTES UTERINOS,1
MEDICAMENTOS OFTALMICOS,ANALGESICOS E ANTIPIRETICOS,1
MEDICAMENTOS OFTALMICOS,ANESTESICOS LOCAIS,1
MEDICAMENTOS OFTALMICOS,CEFALOSPORINAS,1
MEDICAMENTOS OFTALMICOS,HORMONAL FEMININO,1
SIMPATOMIMETICOS E HIPERTENSOR,PENICILINAS,4
ANTI-HISTAMINICO,PENICILINAS,1
MIORRELAXANTES CENTRAIS/PERIFE,ANTI-HIPERTENSIVOS,2
MIORRELAXANTES CENTRAIS/PERIFE,ESTIMULANTES UTERINOS,1
MIORRELAXANTES CENTRAIS/PERIFE,ANTIASMATICOS,1
ANTIASMATICOS,COLINERGICOS,1
HORMONAL FEMININO,COLINERGICOS,1
COLINERGICOS,MUSCULOTROPICOS,1
COLINERGICOS,ANTIDOTO E ANTAGONISTA,1
MUSCULOTROPICOS,ANTIDOTO E ANTAGONISTA,2
ANALGESICOS OPIOIDES/HIPOANALG,"EMOLIENTES, DEMULCENTES E PROTETORES",1
ANTIINFLAMATORIOS,"EMOLIENTES, DEMULCENTES E PROTETORES",2
ANESTESICOS LOCAIS,"EMOLIENTES, DEMULCENTES E PROTETORES",1
ANTIEMETICOS,"EMOLIENTES, DEMULCENTES E PROTETORES",1
"EMOLIENTES, DEMULCENTES E PROTETORES",SIMPATOMIMETICOS E HIPERTENSOR,1
"EMOLIENTES, DEMULCENTES E PROTETORES",ESTIMULANTES UTERINOS,1
"EMOLIENTES, DEMULCENTES E PROTETORES",SOLUCOES PARENTERAIS ELETROLITICAS E DILUICOES,3
"EMOLIENTES, DEMULCENTES E PROTETORES",ANTIEMETICOS,1
"EMOLIENTES, DEMULCENTES E PROTETORES",CEFALOSPORINAS,1
"EMOLIENTES, DEMULCENTES E PROTETORES",HORMONAL FEMININO,1
"EMOLIENTES, DEMULCENTES E PROTETORES",ANESTESICOS LOCAIS,1
BETABLOQUEADORES,SUPLEMENTO DE VITAMINAS E MINE,1
BETABLOQUEADORES,ANTIDOTO E ANTAGONISTA,3
BETABLOQUEADORES,INIBIDOR OSSEO/OSTEOPOROSE,1
BETABLOQUEADORES,ANESTESICOS GERAIS,3
BETABLOQUEADORES,BRONCODILATADORES,1
BETABLOQUEADORES,DIURETICOS,1
BETABLOQUEADORES,VASOCONSTRITORES,1
SOLUCOES PARENTERAIS ELETROLITICAS E DILUICOES,INIBIDOR OSSEO/OSTEOPOROSE,5
ANESTESICOS LOCAIS,INIBIDOR OSSEO/OSTEOPOROSE,3
SUPLEMENTO DE VITAMINAS E MINE,INIBIDOR OSSEO/OSTEOPOROSE,1
SUPLEMENTO DE VITAMINAS E MINE,SEDATIVOS ANESTESICOS,2
SUPLEMENTO DE VITAMINAS E MINE,BRONCODILATADORES,1
SUPLEMENTO DE VITAMINAS E MINE,DIURETICOS,1
SUPLEMENTO DE VITAMINAS E MINE,VASOCONSTRITORES,1
ANTIDOTO E ANTAGONISTA,INIBIDOR OSSEO/OSTEOPOROSE,1
INIBIDOR OSSEO/OSTEOPOROSE,ANESTESICOS GERAIS,1
INIBIDOR OSSEO/OSTEOPOROSE,SEDATIVOS ANESTESICOS,1
INIBIDOR OSSEO/OSTEOPOROSE,BRONCODILATADORES,1
INIBIDOR OSSEO/OSTEOPOROSE,ANALGESICOS OPIOIDES/HIPOANALG,1
INIBIDOR OSSEO/OSTEOPOROSE,ANTIINFLAMATORIOS,3
INIBIDOR OSSEO/OSTEOPOROSE,SOLUCOES PARENTERAIS ELETROLITICAS E DILUICOES,7
INIBIDOR OSSEO/OSTEOPOROSE,CEFALOSPORINAS,3
INIBIDOR OSSEO/OSTEOPOROSE,ANTIEMETICOS,2
INIBIDOR OSSEO/OSTEOPOROSE,DIURETICOS,1
INIBIDOR OSSEO/OSTEOPOROSE,SIMPATOMIMETICOS E HIPERTENSOR,2
INIBIDOR OSSEO/OSTEOPOROSE,ANTIDOTO E ANTAGONISTA,1
INIBIDOR OSSEO/OSTEOPOROSE,VASOCONSTRITORES,1
BRONCODILATADORES,ANALGESICOS OPIOIDES/HIPOANALG,4
BRONCODILATADORES,DIURETICOS,1
ANTIDIABETICOS,ANESTESICOS LOCAIS,2
ANTIDIABETICOS,SOLUCOES PARENTERAIS ELETROLITICAS E DILUICOES,5
ANTIDIABETICOS,SIMPATOMIMETICOS E HIPERTENSOR,1
ANTIDIABETICOS,ANALGESICOS OPIOIDES/HIPOANALG,1
ANTIDIABETICOS,ANTIEMETICOS,1
ANTIDIABETICOS,ANTI-HISTAMINICO,1
ANTIDIABETICOS,ANTIINFLAMATORIOS,1
ANTIDIABETICOS,ANTI-HIPERTENSIVOS,1
ANTIDIABETICOS,CEFALOSPORINAS,1
ANTIDIABETICOS,HORMONAL FEMININO,1
ANTI-HISTAMINICO,ANTI-HIPERTENSIVOS,1
SUPLEMENTO DE VITAMINAS E MINE,ANTI-HIPERTENSIVOS,2
SUPLEMENTO DE VITAMINAS E MINE,BETABLOQUEADORES,1
BETABLOQUEADORES,ANTIHELMINTICOS,1
VASOCONSTRITORES,VASOCONSTRITORES,1
ANTIDOTO E ANTAGONISTA,PENICILINAS,1
HORMONAL FEMININO,PENICILINAS,2
ANTIHELMINTICOS,ANTI-HIPERTENSIVOS,2
ANTIHELMINTICOS,EXPANSOR/REPOSITOR PLASMATICO,2
ANTIHELMINTICOS,MIORRELAXANTES CENTRAIS/PERIFE,2
ANTIHELMINTICOS,PROSTAGLANDINAS,2
ESTIMULANTES UTERINOS,MIORRELAXANTES CENTRAIS/PERIFE,2
ESTIMULANTES UTERINOS,ANTIEPILETICOS/CONVULSOES EPIL,4
ESTIMULANTES UTERINOS,PROSTAGLANDINAS,1
ANTIINFLAMATORIOS,PROSTAGLANDINAS,2
ANESTESICOS GERAIS,EXPANSOR/REPOSITOR PLASMATICO,7
ANESTESICOS GERAIS,ANTIEPILETICOS/CONVULSOES EPIL,5
ANESTESICOS GERAIS,PROSTAGLANDINAS,2
SOLUCOES PARENTERAIS ELETROLITICAS E DILUICOES,PROSTAGLANDINAS,3
ANTI-HIPERTENSIVOS,EXPANSOR/REPOSITOR PLASMATICO,3
ANTI-HIPERTENSIVOS,ANTIEPILETICOS/CONVULSOES EPIL,2
ANTI-HIPERTENSIVOS,PROSTAGLANDINAS,1
SIMPATOMIMETICOS E HIPERTENSOR,PROSTAGLANDINAS,1
EXPANSOR/REPOSITOR PLASMATICO,SEDATIVOS ANESTESICOS,2
EXPANSOR/REPOSITOR PLASMATICO,MIORRELAXANTES CENTRAIS/PERIFE,2
EXPANSOR/REPOSITOR PLASMATICO,ANTIEPILETICOS/CONVULSOES EPIL,2
EXPANSOR/REPOSITOR PLASMATICO,PROSTAGLANDINAS,1
SEDATIVOS ANESTESICOS,PROSTAGLANDINAS,1
SEDATIVOS ANESTESICOS,ANTICOAGULANTES E ANTIHEMORRAGICOS,4
MIORRELAXANTES CENTRAIS/PERIFE,ANTIEPILETICOS/CONVULSOES EPIL,2
MIORRELAXANTES CENTRAIS/PERIFE,PROSTAGLANDINAS,1
MIORRELAXANTES CENTRAIS/PERIFE,ANTICOAGULANTES E ANTIHEMORRAGICOS,1
ANTIEPILETICOS/CONVULSOES EPIL,ANTIEPILETICOS/CONVULSOES EPIL,1
ANTIEPILETICOS/CONVULSOES EPIL,PROSTAGLANDINAS,2
ANTIEPILETICOS/CONVULSOES EPIL,ANTICOAGULANTES E ANTIHEMORRAGICOS,2
PROSTAGLANDINAS,ANTICOAGULANTES E ANTIHEMORRAGICOS,1
PROSTAGLANDINAS,HORMONAL FEMININO,2
PROSTAGLANDINAS,ANESTESICOS LOCAIS,3
SIMPATOMIMETICOS E HIPERTENSOR,SEDATIVOS/ANSIOLITICOS/HIPNOTI,6
ANTIEMETICOS,SEDATIVOS/ANSIOLITICOS/HIPNOTI,5
SEDATIVOS ANESTESICOS,EXPANSOR/REPOSITOR PLASMATICO,3
ANTIDOTO E ANTAGONISTA,ANTI-HIPERTENSIVOS,1
ANALGESICOS E ANTIPIRETICOS,EXPANSOR/REPOSITOR PLASMATICO,1
PENICILINAS,ANTIINFLAMATORIOS,2
PENICILINAS,ANTIASMATICOS,1
PENICILINAS,ANALGESICOS OPIOIDES/HIPOANALG,1
ANESTESICOS GERAIS,SEDATIVOS/ANSIOLITICOS/HIPNOTI,2
SEDATIVOS/ANSIOLITICOS/HIPNOTI,SEDATIVOS ANESTESICOS,1
SEDATIVOS/ANSIOLITICOS/HIPNOTI,ANTI-HIPERTENSIVOS,2
ANTIHELMINTICOS,MUSCULOTROPICOS,2
ANTIESPASMODICOS,ANTI-HIPERTENSIVOS,1
ANTIACIDOS,ANALGESICOS E ANTIPIRETICOS,3
ANTIACIDOS,ANTIHELMINTICOS,1
LINCOSAMIDAS,HORMONAL FEMININO,1
ANALGESICOS E ANTIPIRETICOS,INIBIDOR OSSEO/OSTEOPOROSE,1
ANALGESICOS OPIOIDES/HIPOANALG,INIBIDOR OSSEO/OSTEOPOROSE,2
INIBIDOR OSSEO/OSTEOPOROSE,HORMONAL FEMININO,2
ANTIINFLAMATORIOS,AMINOGLICOSIDEOS,9
ANALGESICOS E ANTIPIRETICOS,AMINOGLICOSIDEOS,2
ANTIASMATICOS,AMINOGLICOSIDEOS,2
SOLUCOES PARENTERAIS ELETROLITICAS E DILUICOES,AMINOGLICOSIDEOS,7
ESTIMULANTES UTERINOS,AMINOGLICOSIDEOS,3
SIMPATOMIMETICOS E HIPERTENSOR,AMINOGLICOSIDEOS,4
AMINOGLICOSIDEOS,ANESTESICOS LOCAIS,5
AMINOGLICOSIDEOS,SOLUCOES PARENTERAIS ELETROLITICAS E DILUICOES,11
AMINOGLICOSIDEOS,CEFALOSPORINAS,4
AMINOGLICOSIDEOS,AMINOGLICOSIDEOS,2
AMINOGLICOSIDEOS,ANTIEMETICOS,3
AMINOGLICOSIDEOS,HORMONAL FEMININO,3
ANESTESICOS LOCAIS,AMINOGLICOSIDEOS,3
CEFALOSPORINAS,AMINOGLICOSIDEOS,2
PROSTAGLANDINAS,ANTIINFLAMATORIOS,2
PROSTAGLANDINAS,ANTI-HISTAMINICO,1
PROSTAGLANDINAS,SOLUCOES PARENTERAIS ELETROLITICAS E DILUICOES,3
PROSTAGLANDINAS,ANTIEMETICOS,1
PROSTAGLANDINAS,ANALGESICOS OPIOIDES/HIPOANALG,1
PROSTAGLANDINAS,CEFALOSPORINAS,1
ANTI-HIPERTENSIVOS,ANTIESPASMODICOS,2
ANALGESICOS OPIOIDES/HIPOANALG,ANTIACIDOS,2
ANTIACIDOS,ESTIMULANTES UTERINOS,2
DIURETICOS,ANALGESICOS OPIOIDES/HIPOANALG,2
ANTIHELMINTICOS,AMINOGLICOSIDEOS,1
ANTIEMETICOS,AMINOGLICOSIDEOS,1
ANESTESICOS GERAIS,AMINOGLICOSIDEOS,1
ANALGESICOS OPIOIDES/HIPOANALG,AMINOGLICOSIDEOS,1
HORMONAL FEMININO,AMINOGLICOSIDEOS,1
BRONCODILATADORES,ANTIHELMINTICOS,3
EXPANSOR/REPOSITOR PLASMATICO,ANTIASMATICOS,2
DIURETICOS,ANALGESICOS E ANTIPIRETICOS,1
ANTIFISETICO,ANALGESICOS E ANTIPIRETICOS,1
ANTIFISETICO,SIMPATOMIMETICOS E HIPERTENSOR,1
ANTIFISETICO,ANTIEMETICOS,1
ANTIFISETICO,SOLUCOES PARENTERAIS ELETROLITICAS E DILUICOES,3
ANTIFISETICO,ANTIINFLAMATORIOS,2
ANTIFISETICO,ANALGESICOS OPIOIDES/HIPOANALG,1
ANTIFISETICO,ESTIMULANTES UTERINOS,1
ANTIFISETICO,CEFALOSPORINAS,1
ANTIFISETICO,HORMONAL FEMININO,1
ANTIFISETICO,ANESTESICOS LOCAIS,1
ANTIESPASMODICOS,PENICILINAS,1
PENICILINAS,ANALGESICOS E ANTIPIRETICOS,2
PENICILINAS,SIMPATOMIMETICOS E HIPERTENSOR,1
ESTIMULANTES UTERINOS,MEDICAMENTOS NASAIS,2
ANALGESICOS E ANTIPIRETICOS,MEDICAMENTOS NASAIS,2
HORMONAL FEMININO,MEDICAMENTOS NASAIS,2
ANTI-HISTAMINICO,ANTICOAGULANTES E ANTIHEMORRAGICOS,3
ANTICOAGULANTES E ANTIHEMORRAGICOS,ANTICOAGULANTES E ANTIHEMORRAGICOS,1
ANTI-HISTAMINICO,ANTIESPASMODICOS,1
ANESTESICOS GERAIS,ANTIINFLAMATORIOS GERAIS,1
VASOCONSTRITORES,SEDATIVOS ANESTESICOS,2
VASOCONSTRITORES,EXPANSOR/REPOSITOR PLASMATICO,1
VASOCONSTRITORES,ANTIHELMINTICOS,1
EXPANSOR/REPOSITOR PLASMATICO,MUSCULOTROPICOS,1
ANTICOAGULANTES E ANTIHEMORRAGICOS,ANTIINFLAMATORIOS,3
ANTICOAGULANTES E ANTIHEMORRAGICOS,ANTIASMATICOS,2
ANTICOAGULANTES E ANTIHEMORRAGICOS,ANTIHELMINTICOS,1
SEDATIVOS ANESTESICOS,BETABLOQUEADORES,1
ANTIESPASMODICOS,ANTICOAGULANTES E ANTIHEMORRAGICOS,1
SUPLEMENTO DE VITAMINAS E MINE,ANTICOAGULANTES E ANTIHEMORRAGICOS,3
BRONCODILATADORES,ANTIESPASMODICOS,1
BRONCODILATADORES,SUPLEMENTO DE VITAMINAS E MINE,2
SEDATIVOS ANESTESICOS,SUPLEMENTO DE VITAMINAS E MINE,2
ANTIESPASMODICOS,ANTIHELMINTICOS,2
ANTIINFLAMATORIOS,INIBIDOR OSSEO/OSTEOPOROSE,2
ANTI-HIPERTENSIVOS,INIBIDOR OSSEO/OSTEOPOROSE,1
INIBIDOR OSSEO/OSTEOPOROSE,ANTIASMATICOS,1
INIBIDOR OSSEO/OSTEOPOROSE,ANALGESICOS E ANTIPIRETICOS,1
INIBIDOR OSSEO/OSTEOPOROSE,ANESTESICOS LOCAIS,1
MEDICAMENTOS NASAIS,ESTIMULANTES UTERINOS,1
CEFALOSPORINAS,MEDICAMENTOS NASAIS,1
ANTIESPASMODICOS,BRONCODILATADORES,1
SUPLEMENTO DE VITAMINAS E MINE,ANTI-HISTAMINICO,1
BETABLOQUEADORES,ANTICOAGULANTES E ANTIHEMORRAGICOS,1
BETABLOQUEADORES,EXPANSOR/REPOSITOR PLASMATICO,1
ANTICOAGULANTES E ANTIHEMORRAGICOS,ANTI-HIPERTENSIVOS,1
ANTICOAGULANTES E ANTIHEMORRAGICOS,EXPANSOR/REPOSITOR PLASMATICO,1
ANTIEMETICOS,EXPANSOR/REPOSITOR PLASMATICO,1
EXPANSOR/REPOSITOR PLASMATICO,ANTIDOTO E ANTAGONISTA,1
ANTIACIDOS,ANALGESICOS OPIOIDES/HIPOANALG,1
AMINOGLICOSIDEOS,ANESTESICOS GERAIS,5
AMINOGLICOSIDEOS,ANALGESICOS E ANTIPIRETICOS,3
ESTIMULANTES UTERINOS,QUINOLONAS,1
ANTIASMATICOS,QUINOLONAS,1
ANTIEMETICOS,QUINOLONAS,1
ANALGESICOS E ANTIPIRETICOS,QUINOLONAS,1
AMINOGLICOSIDEOS,ANTIESPASMODICOS,1
AMINOGLICOSIDEOS,ANTIINFLAMATORIOS,1
ANTIESPASMODICOS,AMINOGLICOSIDEOS,1
